Time,Manual Relative Humidity(Avg)
1/1/2019 0:00,70.822
1/2/2019 0:00,72.613
1/3/2019 0:00,75.578
1/4/2019 0:00,76.465
1/5/2019 0:00,76.913
1/6/2019 0:00,74.248
1/7/2019 0:00,71.747
1/8/2019 0:00,71.111
1/9/2019 0:00,76.502
1/10/2019 0:00,80.62
1/11/2019 0:00,80.833
1/12/2019 0:00,77.946
1/13/2019 0:00,76.871
1/14/2019 0:00,75.416
1/15/2019 0:00,76.985
1/16/2019 0:00,78.172
1/17/2019 0:00,78.017
1/18/2019 0:00,78.403
1/19/2019 0:00,77.033
1/20/2019 0:00,75.177
1/21/2019 0:00,74.41
1/22/2019 0:00,74.431
1/23/2019 0:00,93.452
1/24/2019 0:00,79.752
1/25/2019 0:00,79.222
1/26/2019 0:00,90.992
1/27/2019 0:00,82.685
1/28/2019 0:00,79.157
1/29/2019 0:00,79.743
1/30/2019 0:00,72.853
1/31/2019 0:00,78.821
2/1/2019 0:00,76.341
2/2/2019 0:00,73.258
2/3/2019 0:00,76.013
2/4/2019 0:00,79.418
2/5/2019 0:00,77.086
2/6/2019 0:00,75.993
2/7/2019 0:00,92.926
2/8/2019 0:00,92.388
2/9/2019 0:00,85.151
2/10/2019 0:00,76.785
2/11/2019 0:00,80.038
2/12/2019 0:00,80.192
2/13/2019 0:00,81.021
2/14/2019 0:00,83.552
2/15/2019 0:00,79.53
2/16/2019 0:00,85.963
2/17/2019 0:00,80.216
2/18/2019 0:00,82.273
2/19/2019 0:00,77.705
2/20/2019 0:00,75.051
2/21/2019 0:00,72.925
2/22/2019 0:00,68.886
2/23/2019 0:00,65.923
2/24/2019 0:00,65.755
2/25/2019 0:00,60.246
2/26/2019 0:00,56.107
2/27/2019 0:00,75.114
2/28/2019 0:00,81.018
3/1/2019 0:00,77.35
3/2/2019 0:00,71.8
3/3/2019 0:00,81.8
3/4/2019 0:00,76.95
3/5/2019 0:00,64
3/6/2019 0:00,66.75
3/7/2019 0:00,67.15
3/8/2019 0:00,68.85
3/9/2019 0:00,62.85
3/10/2019 0:00,59.6
3/11/2019 0:00,61.25
3/12/2019 0:00,53.9
3/13/2019 0:00,45.3
3/14/2019 0:00,49.15
3/15/2019 0:00,46.45
3/16/2019 0:00,53.4
3/17/2019 0:00,55.4
3/18/2019 0:00,75.7
3/19/2019 0:00,75.65
3/20/2019 0:00,81.9
3/21/2019 0:00,62.8
3/22/2019 0:00,50.5
3/23/2019 0:00,58.6
3/24/2019 0:00,64.95
3/25/2019 0:00,70.55
3/26/2019 0:00,89.5
3/27/2019 0:00,75.35
3/28/2019 0:00,67.55
3/29/2019 0:00,67.7
3/30/2019 0:00,78.2
3/31/2019 0:00,78.2
4/1/2019 0:00,71.166
4/2/2019 0:00,56.95
4/3/2019 0:00,67.45
4/4/2019 0:00,74.95
4/5/2019 0:00,78.2
4/6/2019 0:00,91.95
4/7/2019 0:00,84.65
4/8/2019 0:00,80.55
4/9/2019 0:00,80.4
4/10/2019 0:00,74.15
4/11/2019 0:00,74.35
4/12/2019 0:00,69.05
4/13/2019 0:00,75.25
4/14/2019 0:00,86.55
4/15/2019 0:00,77.8
4/16/2019 0:00,77.1
4/17/2019 0:00,75.1
4/18/2019 0:00,62.9
4/19/2019 0:00,80.25
4/20/2019 0:00,64.55
4/21/2019 0:00,74.4
4/22/2019 0:00,82.45
4/23/2019 0:00,80.3
4/24/2019 0:00,75.65
4/25/2019 0:00,77.5
4/26/2019 0:00,80.45
4/27/2019 0:00,63.05
4/28/2019 0:00,67.6
4/29/2019 0:00,65.25
4/30/2019 0:00,64.349
5/1/2019 0:00,63.641
5/2/2019 0:00,66.128
5/3/2019 0:00,85.015
5/4/2019 0:00,77.125
5/5/2019 0:00,64.386
5/6/2019 0:00,61.6
5/7/2019 0:00,63.998
5/8/2019 0:00,66.608
5/9/2019 0:00,65.762
5/10/2019 0:00,65.367
5/11/2019 0:00,61.641
5/12/2019 0:00,72.155
5/13/2019 0:00,78.027
5/14/2019 0:00,71.642
5/15/2019 0:00,73.672
5/16/2019 0:00,77.718
5/17/2019 0:00,65.572
5/18/2019 0:00,60.398
5/19/2019 0:00,66.073
5/20/2019 0:00,62.838
5/21/2019 0:00,67.413
5/22/2019 0:00,70.71
5/23/2019 0:00,72.093
5/24/2019 0:00,76.597
5/25/2019 0:00,68.666
5/26/2019 0:00,67.488
5/27/2019 0:00,65.85
5/28/2019 0:00,68.585
5/29/2019 0:00,80.848
5/30/2019 0:00,84.762
5/31/2019 0:00,80.321
6/1/2019 0:00,83.548
6/2/2019 0:00,83.041
6/3/2019 0:00,77.202
6/4/2019 0:00,76.408
6/5/2019 0:00,83.025
6/6/2019 0:00,87.897
6/7/2019 0:00,74.823
6/8/2019 0:00,72.786
6/9/2019 0:00,75.72
6/10/2019 0:00,78.493
6/11/2019 0:00,74.815
6/12/2019 0:00,75.297
6/13/2019 0:00,75.878
6/14/2019 0:00,75.187
6/15/2019 0:00,72.768
6/16/2019 0:00,68.263
6/17/2019 0:00,80.053
6/18/2019 0:00,76.543
6/19/2019 0:00,75.953
6/20/2019 0:00,77.491
6/21/2019 0:00,75.272
6/22/2019 0:00,91.898
6/23/2019 0:00,85.102
6/24/2019 0:00,79.512
6/25/2019 0:00,72.122
6/26/2019 0:00,82.978
6/27/2019 0:00,84.16
6/28/2019 0:00,81.611
6/29/2019 0:00,80.07
6/30/2019 0:00,80.073
7/1/2019 0:00,84.218
7/2/2019 0:00,82.945
7/3/2019 0:00,81.207
7/4/2019 0:00,81.612
7/5/2019 0:00,85.926
7/6/2019 0:00,86.406
7/7/2019 0:00,90.133
7/8/2019 0:00,89.216
7/9/2019 0:00,92.373
7/10/2019 0:00,93.292
7/11/2019 0:00,91.686
7/12/2019 0:00,98.64
7/13/2019 0:00,92.633
7/14/2019 0:00,94.056
7/15/2019 0:00,89.325
7/16/2019 0:00,86.51
7/17/2019 0:00,82.74
7/18/2019 0:00,87.01
7/19/2019 0:00,87.116
7/20/2019 0:00,87.858
7/21/2019 0:00,84.296
7/22/2019 0:00,82.971
7/23/2019 0:00,89.928
7/24/2019 0:00,95.806
7/25/2019 0:00,88.578
7/26/2019 0:00,90.667
7/27/2019 0:00,87.663
7/28/2019 0:00,81.77
7/29/2019 0:00,81.858
7/30/2019 0:00,80.542
7/31/2019 0:00,82.022
8/1/2019 0:00,80.951
8/2/2019 0:00,85.77
8/3/2019 0:00,84.071
8/4/2019 0:00,87.052
8/5/2019 0:00,88.576
8/6/2019 0:00,85.75
8/7/2019 0:00,87.608
8/8/2019 0:00,84.503
8/9/2019 0:00,83.156
8/10/2019 0:00,80.697
8/11/2019 0:00,81.605
8/12/2019 0:00,83.276
8/13/2019 0:00,86.515
8/14/2019 0:00,83.557
8/15/2019 0:00,86.547
8/16/2019 0:00,91.112
8/17/2019 0:00,88.042
8/18/2019 0:00,91.01
8/19/2019 0:00,83.183
8/20/2019 0:00,85.35
8/21/2019 0:00,84.756
8/22/2019 0:00,85.448
8/23/2019 0:00,85.445
8/24/2019 0:00,85.382
8/25/2019 0:00,87.401
8/26/2019 0:00,86.381
8/27/2019 0:00,81.342
8/28/2019 0:00,82.491
8/29/2019 0:00,83.593
8/30/2019 0:00,83
8/31/2019 0:00,89.691
9/1/2019 0:00,87.883
9/2/2019 0:00,86.495
9/3/2019 0:00,89.278
9/4/2019 0:00,87.35
9/5/2019 0:00,86.546
9/6/2019 0:00,88.756
9/7/2019 0:00,87.512
9/8/2019 0:00,89.067
9/9/2019 0:00,87.682
9/10/2019 0:00,91.208
9/11/2019 0:00,89.346
9/12/2019 0:00,88.366
9/13/2019 0:00,89.09
9/14/2019 0:00,95.433
9/15/2019 0:00,91.653
9/16/2019 0:00,91.846
9/17/2019 0:00,97.337
9/18/2019 0:00,97.1
9/19/2019 0:00,90.9
9/20/2019 0:00,83.35
9/21/2019 0:00,79.85
9/22/2019 0:00,93
9/23/2019 0:00,81.4
9/24/2019 0:00,85.7
9/25/2019 0:00,94.8
9/26/2019 0:00,90.7
9/27/2019 0:00,92.4
9/28/2019 0:00,89.45
9/29/2019 0:00,86.4
9/30/2019 0:00,88.8
10/1/2019 0:00,85.35
10/2/2019 0:00,79.95
10/3/2019 0:00,81.9
10/4/2019 0:00,78.45
10/5/2019 0:00,78.5
10/6/2019 0:00,89.45
10/7/2019 0:00,80.2
10/8/2019 0:00,87.85
10/9/2019 0:00,84.95
10/10/2019 0:00,76
10/11/2019 0:00,80.45
10/12/2019 0:00,71.6
10/13/2019 0:00,75.5
10/14/2019 0:00,80.55
10/15/2019 0:00,82.15
10/16/2019 0:00,77.7
10/17/2019 0:00,84.9
10/18/2019 0:00,82.65
10/19/2019 0:00,73.05
10/20/2019 0:00,81.65
10/21/2019 0:00,81.7
10/22/2019 0:00,85.6
10/23/2019 0:00,84.4
10/24/2019 0:00,85.65
10/25/2019 0:00,87.4
10/26/2019 0:00,79.8
10/27/2019 0:00,78.6
10/28/2019 0:00,78.8
10/29/2019 0:00,81.85
10/30/2019 0:00,83.4
10/31/2019 0:00,83.2
11/1/2019 0:00,76.15
11/2/2019 0:00,86.7
11/3/2019 0:00,86.9
11/4/2019 0:00,81.5
11/5/2019 0:00,77.85
11/6/2019 0:00,87.35
11/7/2019 0:00,83.2
11/8/2019 0:00,85.1
11/9/2019 0:00,78.3
11/10/2019 0:00,88.75
11/11/2019 0:00,84.8
11/12/2019 0:00,83.15
11/13/2019 0:00,83.9
11/14/2019 0:00,79.75
11/15/2019 0:00,76.2
11/16/2019 0:00,87
11/17/2019 0:00,84.35
11/18/2019 0:00,81.1
11/19/2019 0:00,87.05
11/20/2019 0:00,85.8
11/21/2019 0:00,84.3
11/22/2019 0:00,82.75
11/23/2019 0:00,86.5
11/24/2019 0:00,91.05
11/25/2019 0:00,82.5
11/26/2019 0:00,83.75
11/27/2019 0:00,83.55
11/28/2019 0:00,72.8
11/29/2019 0:00,68.05
11/30/2019 0:00,67.05
12/1/2019 0:00,74.85
12/2/2019 0:00,86.45
12/3/2019 0:00,73.6
12/4/2019 0:00,84.7
12/5/2019 0:00,84.8
12/6/2019 0:00,75.15
12/7/2019 0:00,78.5
12/8/2019 0:00,80
12/9/2019 0:00,89.35
12/10/2019 0:00,87.7
12/11/2019 0:00,84.35
12/12/2019 0:00,88.4
12/13/2019 0:00,95.25
12/14/2019 0:00,92.95
12/15/2019 0:00,88.35
12/16/2019 0:00,84.45
12/17/2019 0:00,82.6
12/18/2019 0:00,82.05
12/19/2019 0:00,84.85
12/20/2019 0:00,85.85
12/21/2019 0:00,86.5
12/22/2019 0:00,74.95
12/23/2019 0:00,83.3
12/24/2019 0:00,81.75
12/25/2019 0:00,82.3
12/26/2019 0:00,79.5
12/27/2019 0:00,81.45
12/28/2019 0:00,85.35
12/29/2019 0:00,77.2
12/30/2019 0:00,79.7
12/31/2019 0:00,71.8
1/1/2020 0:00,75.7
1/2/2020 0:00,74.35
1/3/2020 0:00,95.226
1/4/2020 0:00,85.225
1/5/2020 0:00,85.503
1/6/2020 0:00,83.464
1/7/2020 0:00,87.2
1/8/2020 0:00,95.8
1/9/2020 0:00,94.259
1/10/2020 0:00,87.3
1/11/2020 0:00,83.7
1/12/2020 0:00,88.333
1/13/2020 0:00,85.05
1/14/2020 0:00,78.95
1/15/2020 0:00,82.6
1/16/2020 0:00,83.75
1/17/2020 0:00,99.3
1/18/2020 0:00,86.17
1/19/2020 0:00,78.75
1/20/2020 0:00,78.9
1/21/2020 0:00,71.5
1/22/2020 0:00,71.5
1/23/2020 0:00,77.2
1/24/2020 0:00,87.009
1/25/2020 0:00,87.65
1/26/2020 0:00,86.75
1/27/2020 0:00,83.2
1/28/2020 0:00,77.79
1/29/2020 0:00,79.3
1/30/2020 0:00,76.6
1/31/2020 0:00,83.65
2/1/2020 0:00,84.003
2/2/2020 0:00,73.55
2/3/2020 0:00,80.3
2/4/2020 0:00,82.4
2/5/2020 0:00,81.65
2/6/2020 0:00,80.85
2/7/2020 0:00,78.5
2/8/2020 0:00,70.15
2/9/2020 0:00,73.9
2/10/2020 0:00,71.35
2/11/2020 0:00,71.55
2/12/2020 0:00,74.85
2/13/2020 0:00,74.25
2/14/2020 0:00,73.15
2/15/2020 0:00,79.543
2/16/2020 0:00,81.403
2/17/2020 0:00,76.35
2/18/2020 0:00,83.4
2/19/2020 0:00,84.41
2/20/2020 0:00,82.5
2/21/2020 0:00,85.6
2/22/2020 0:00,82.113
2/23/2020 0:00,87.066
2/24/2020 0:00,71.95
2/25/2020 0:00,81.091
2/26/2020 0:00,88.805
2/27/2020 0:00,79.808
2/28/2020 0:00,79.565
2/29/2020 0:00,77.865
3/1/2020 0:00,78.816
3/2/2020 0:00,76.115
3/3/2020 0:00,73.88
3/4/2020 0:00,70.825
3/5/2020 0:00,73.445
3/6/2020 0:00,69.416
3/7/2020 0:00,90.972
3/8/2020 0:00,75.873
3/9/2020 0:00,76.798
3/10/2020 0:00,74.426
3/11/2020 0:00,69.591
3/12/2020 0:00,61.152
3/13/2020 0:00,76.51
3/14/2020 0:00,78.06
3/15/2020 0:00,66.228
3/16/2020 0:00,65.545
3/17/2020 0:00,71.976
3/18/2020 0:00,68.98
3/19/2020 0:00,71.343
3/20/2020 0:00,66.962
3/21/2020 0:00,71.522
3/22/2020 0:00,77.933
3/23/2020 0:00,86.633
3/24/2020 0:00,81.101
3/25/2020 0:00,76.62
3/26/2020 0:00,75.441
3/27/2020 0:00,73.14
3/28/2020 0:00,57.163
3/29/2020 0:00,61.358
3/30/2020 0:00,61.861
3/31/2020 0:00,66.955
4/1/2020 0:00,72.651
4/2/2020 0:00,58.146
4/3/2020 0:00,58.285
4/4/2020 0:00,59.927
4/5/2020 0:00,58.276
4/6/2020 0:00,58.32
4/7/2020 0:00,59.918
4/8/2020 0:00,60.405
4/9/2020 0:00,51.713
4/10/2020 0:00,55.135
4/11/2020 0:00,70.356
4/12/2020 0:00,71.143
4/13/2020 0:00,71.03
4/14/2020 0:00,71.347
4/15/2020 0:00,68.966
4/16/2020 0:00,76.882
4/17/2020 0:00,81.455
4/18/2020 0:00,73.151
4/19/2020 0:00,71.257
4/20/2020 0:00,69.67
4/21/2020 0:00,86.793
4/22/2020 0:00,82.012
4/23/2020 0:00,85.657
4/24/2020 0:00,83.292
4/25/2020 0:00,91.161
4/26/2020 0:00,87.674
4/27/2020 0:00,87.78
4/28/2020 0:00,84.405
4/29/2020 0:00,87.848
4/30/2020 0:00,81.47
5/1/2020 0:00,88.248
5/2/2020 0:00,83.483
5/3/2020 0:00,78.173
5/4/2020 0:00,87.225
5/5/2020 0:00,86.967
5/6/2020 0:00,80.508
5/7/2020 0:00,83.626
5/8/2020 0:00,79.088
5/9/2020 0:00,76.742
5/10/2020 0:00,82.152
5/11/2020 0:00,81.398
5/12/2020 0:00,76.053
5/13/2020 0:00,70.431
5/14/2020 0:00,68.198
5/15/2020 0:00,81.193
5/16/2020 0:00,70.228
5/17/2020 0:00,69.863
5/18/2020 0:00,72.238
5/19/2020 0:00,65.678
5/20/2020 0:00,75.472
5/21/2020 0:00,76.748
5/22/2020 0:00,80.117
5/23/2020 0:00,79.172
5/24/2020 0:00,72.717
5/25/2020 0:00,75.703
5/26/2020 0:00,83.603
5/27/2020 0:00,87.616
5/28/2020 0:00,79.157
5/29/2020 0:00,78.742
5/30/2020 0:00,78.582
5/31/2020 0:00,85.556
6/1/2020 0:00,79.645
6/2/2020 0:00,73.525
6/3/2020 0:00,77.432
6/4/2020 0:00,88.111
6/5/2020 0:00,93.241
6/6/2020 0:00,91.043
6/7/2020 0:00,84.405
6/8/2020 0:00,83.562
6/9/2020 0:00,79.537
6/10/2020 0:00,83.692
6/11/2020 0:00,80.106
6/12/2020 0:00,80.597
6/13/2020 0:00,82.16
6/14/2020 0:00,84.983
6/15/2020 0:00,89.328
6/16/2020 0:00,90.366
6/17/2020 0:00,87.603
6/18/2020 0:00,90.451
6/19/2020 0:00,90.253
6/20/2020 0:00,91.313
6/21/2020 0:00,91.867
6/22/2020 0:00,94.018
6/23/2020 0:00,87.555
6/24/2020 0:00,83.583
6/25/2020 0:00,91.872
6/26/2020 0:00,88.176
6/27/2020 0:00,87.072
6/28/2020 0:00,90.706
6/29/2020 0:00,88.725
6/30/2020 0:00,86.203
7/1/2020 0:00,81.836
7/2/2020 0:00,81.243
7/3/2020 0:00,84.527
7/4/2020 0:00,91.123
7/5/2020 0:00,84.538
7/6/2020 0:00,89.26
7/7/2020 0:00,88.341
7/8/2020 0:00,82.061
7/9/2020 0:00,93.066
7/10/2020 0:00,92.252
7/11/2020 0:00,90.485
7/12/2020 0:00,92.925
7/13/2020 0:00,88.283
7/14/2020 0:00,90.002
7/15/2020 0:00,84.42
7/16/2020 0:00,86.61
7/17/2020 0:00,87.146
7/18/2020 0:00,93.546
7/19/2020 0:00,97.515
7/20/2020 0:00,97.55
7/21/2020 0:00,93.623
7/22/2020 0:00,88.622
7/23/2020 0:00,94.023
7/24/2020 0:00,93.521
7/25/2020 0:00,88.331
7/26/2020 0:00,85.926
7/27/2020 0:00,84.62
7/28/2020 0:00,90.997
7/29/2020 0:00,90.101
7/30/2020 0:00,89.21
7/31/2020 0:00,88.407
8/1/2020 0:00,88.026
8/2/2020 0:00,84.567
8/3/2020 0:00,87.012
8/4/2020 0:00,80.666
8/5/2020 0:00,89.606
8/6/2020 0:00,84.732
8/7/2020 0:00,86.043
8/8/2020 0:00,90.41
8/9/2020 0:00,91.013
8/10/2020 0:00,88.941
8/11/2020 0:00,89.917
8/12/2020 0:00,87.701
8/13/2020 0:00,87.047
8/14/2020 0:00,87.555
8/15/2020 0:00,88.9
8/16/2020 0:00,86.378
8/17/2020 0:00,89.016
8/18/2020 0:00,96.548
8/19/2020 0:00,91.37
8/20/2020 0:00,89.76
8/21/2020 0:00,85.69
8/22/2020 0:00,85.626
8/23/2020 0:00,84.308
8/24/2020 0:00,88.146
8/25/2020 0:00,89.89
8/26/2020 0:00,91.088
8/27/2020 0:00,89.98
8/28/2020 0:00,86.685
8/29/2020 0:00,82.85
8/30/2020 0:00,83.52
8/31/2020 0:00,80.125
9/1/2020 0:00,89.21
9/2/2020 0:00,86.607
9/3/2020 0:00,83.32
9/4/2020 0:00,83.446
9/5/2020 0:00,79.663
9/6/2020 0:00,81.08
9/7/2020 0:00,82.865
9/8/2020 0:00,89.287
9/9/2020 0:00,87.808
9/10/2020 0:00,82.74
9/11/2020 0:00,86.672
9/12/2020 0:00,83.396
9/13/2020 0:00,87.723
9/14/2020 0:00,84.928
9/15/2020 0:00,87.506
9/16/2020 0:00,92.203
9/17/2020 0:00,87.187
9/18/2020 0:00,92.243
9/19/2020 0:00,87.356
9/20/2020 0:00,85.26
9/21/2020 0:00,90.051
9/22/2020 0:00,92.958
9/23/2020 0:00,97.476
9/24/2020 0:00,98.385
9/25/2020 0:00,89.005
9/26/2020 0:00,88.793
9/27/2020 0:00,90.5
9/28/2020 0:00,76.9
9/29/2020 0:00,79.85
9/30/2020 0:00,77.55
10/1/2020 0:00,87.565
10/2/2020 0:00,90.588
10/3/2020 0:00,81.24
10/4/2020 0:00,85.572
10/5/2020 0:00,83.735
10/6/2020 0:00,82.746
10/7/2020 0:00,77.255
10/8/2020 0:00,72.106
10/9/2020 0:00,71.948
10/10/2020 0:00,77.978
10/11/2020 0:00,80.527
10/12/2020 0:00,80.86
10/13/2020 0:00,80.015
10/14/2020 0:00,82.503
10/15/2020 0:00,79.512
10/16/2020 0:00,76.552
10/17/2020 0:00,75.968
10/18/2020 0:00,79.203
10/19/2020 0:00,81.428
10/20/2020 0:00,79.961
10/21/2020 0:00,80.626
10/22/2020 0:00,81.993
10/23/2020 0:00,80.506
10/24/2020 0:00,75.193
10/25/2020 0:00,77.19
10/26/2020 0:00,79.668
10/27/2020 0:00,76.648
10/28/2020 0:00,73.713
10/29/2020 0:00,72.438
10/30/2020 0:00,67.142
10/31/2020 0:00,71.392
11/1/2020 0:00,71.845
11/2/2020 0:00,79.636
11/3/2020 0:00,79
11/4/2020 0:00,77.84
11/5/2020 0:00,78.931
11/6/2020 0:00,77.495
11/7/2020 0:00,81.47
11/8/2020 0:00,72.727
11/9/2020 0:00,72.142
11/10/2020 0:00,72.595
11/11/2020 0:00,74.131
11/12/2020 0:00,73.293
11/13/2020 0:00,76.017
11/14/2020 0:00,77.74
11/15/2020 0:00,74.62
11/16/2020 0:00,83.583
11/17/2020 0:00,73.133
11/18/2020 0:00,74.362
11/19/2020 0:00,74.078
11/20/2020 0:00,77.632
11/21/2020 0:00,79.537
11/22/2020 0:00,79.791
11/23/2020 0:00,81.047
11/24/2020 0:00,80.116
11/25/2020 0:00,76.308
11/26/2020 0:00,78.772
11/27/2020 0:00,81.075
11/28/2020 0:00,73.308
11/29/2020 0:00,73.338
11/30/2020 0:00,80.131
12/1/2020 0:00,79.557
12/2/2020 0:00,78.573
12/3/2020 0:00,82.62
12/4/2020 0:00,83.907
12/5/2020 0:00,85.481
12/6/2020 0:00,89.385
12/7/2020 0:00,85.485
12/8/2020 0:00,86.032
12/9/2020 0:00,83.615
12/10/2020 0:00,84.557
12/11/2020 0:00,82.14
12/12/2020 0:00,71.315
12/13/2020 0:00,75.026
12/14/2020 0:00,75.597
12/15/2020 0:00,70.792
12/16/2020 0:00,69.722
12/17/2020 0:00,71.535
12/18/2020 0:00,74.801
12/19/2020 0:00,82.111
12/20/2020 0:00,79.007
12/21/2020 0:00,75.293
12/22/2020 0:00,74.447
12/23/2020 0:00,75.843
12/24/2020 0:00,77.776
12/25/2020 0:00,63.201
12/26/2020 0:00,76.212
12/27/2020 0:00,81.137
12/28/2020 0:00,78.731
12/29/2020 0:00,78.838
12/30/2020 0:00,76.906
12/31/2020 0:00,73.894
1/1/2021 0:00,78.616
1/2/2021 0:00,72.671
1/3/2021 0:00,67.938
1/4/2021 0:00,78.833
1/5/2021 0:00,76.157
1/6/2021 0:00,73.568
1/7/2021 0:00,62.335
1/8/2021 0:00,70.502
1/9/2021 0:00,68.047
1/10/2021 0:00,63.257
1/11/2021 0:00,75.501
1/12/2021 0:00,80.945
1/13/2021 0:00,80.742
1/14/2021 0:00,81.825
1/15/2021 0:00,82.361
1/16/2021 0:00,75.098
1/17/2021 0:00,76.201
1/18/2021 0:00,73.856
1/19/2021 0:00,74.468
1/20/2021 0:00,75.86
1/21/2021 0:00,73.696
1/22/2021 0:00,76.996
1/23/2021 0:00,81.226
1/24/2021 0:00,79.225
1/25/2021 0:00,77.976
1/26/2021 0:00,73.551
1/27/2021 0:00,71.218
1/28/2021 0:00,70.046
1/29/2021 0:00,68.655
1/30/2021 0:00,68.28
1/31/2021 0:00,69.73
2/1/2021 0:00,73.226
2/2/2021 0:00,69.917
2/3/2021 0:00,69.078
2/4/2021 0:00,66.898
2/5/2021 0:00,71.657
2/6/2021 0:00,80.537
2/7/2021 0:00,70.771
2/8/2021 0:00,66.065
2/9/2021 0:00,71.408
2/10/2021 0:00,77.991
2/11/2021 0:00,77.525
2/12/2021 0:00,76.667
2/13/2021 0:00,77.265
2/14/2021 0:00,76.311
2/15/2021 0:00,76.247
2/16/2021 0:00,70.595
2/17/2021 0:00,64.538
2/18/2021 0:00,67.036
2/19/2021 0:00,64.942
2/20/2021 0:00,65.232
2/21/2021 0:00,64.568
2/22/2021 0:00,70.856
2/23/2021 0:00,69.557
2/24/2021 0:00,71.542
2/25/2021 0:00,77.897
2/26/2021 0:00,79.29
2/27/2021 0:00,69.608
2/28/2021 0:00,67.987
3/1/2021 0:00,63.892
3/2/2021 0:00,56.471
3/3/2021 0:00,58.523
3/4/2021 0:00,62.847
3/5/2021 0:00,75.671
3/6/2021 0:00,73.94
3/7/2021 0:00,81.102
3/8/2021 0:00,68.271
3/9/2021 0:00,63.573
3/10/2021 0:00,67.876
3/11/2021 0:00,64.254
3/12/2021 0:00,63.351
3/13/2021 0:00,73.667
3/14/2021 0:00,72.562
3/15/2021 0:00,67.597
3/16/2021 0:00,68.407
3/17/2021 0:00,61.552
3/18/2021 0:00,68.168
3/19/2021 0:00,66.236
3/20/2021 0:00,62.618
3/21/2021 0:00,58.756
3/22/2021 0:00,56.34
3/23/2021 0:00,56.256
3/24/2021 0:00,51.337
3/25/2021 0:00,46.412
3/26/2021 0:00,54.301
3/27/2021 0:00,60.421
3/28/2021 0:00,63.247
3/29/2021 0:00,63.74
3/30/2021 0:00,62.98
3/31/2021 0:00,78.695
4/1/2021 0:00,68.845
4/2/2021 0:00,54.082
4/3/2021 0:00,45.707
4/4/2021 0:00,51.982
4/5/2021 0:00,57.228
4/6/2021 0:00,60.208
4/7/2021 0:00,62.258
4/8/2021 0:00,58.443
4/9/2021 0:00,61.985
4/10/2021 0:00,49.3
4/11/2021 0:00,44.271
4/12/2021 0:00,45.277
4/13/2021 0:00,52.871
4/14/2021 0:00,54.998
4/15/2021 0:00,54.18
4/16/2021 0:00,78.877
4/17/2021 0:00,73.791
4/18/2021 0:00,68.963
4/19/2021 0:00,61.893
4/20/2021 0:00,60.083
4/21/2021 0:00,70.822
4/22/2021 0:00,65.568
4/23/2021 0:00,53.443
4/24/2021 0:00,48.436
4/25/2021 0:00,51.616
4/26/2021 0:00,44.09
4/27/2021 0:00,49.523
4/28/2021 0:00,51.926
4/29/2021 0:00,74.338
4/30/2021 0:00,74.511
5/1/2021 0:00,76.98
5/2/2021 0:00,90.9
5/3/2021 0:00,81.397
5/4/2021 0:00,84.32
5/5/2021 0:00,80.628
5/6/2021 0:00,79.612
5/7/2021 0:00,77.088
5/8/2021 0:00,65.161
5/9/2021 0:00,67.932
5/10/2021 0:00,80.023
5/11/2021 0:00,83.765
5/12/2021 0:00,87.077
5/13/2021 0:00,85.627
5/14/2021 0:00,70.512
5/15/2021 0:00,66.398
5/16/2021 0:00,56.851
5/17/2021 0:00,64.65
5/18/2021 0:00,72.175
5/19/2021 0:00,86.585
5/20/2021 0:00,94.917
5/21/2021 0:00,77.065
5/22/2021 0:00,73.338
5/23/2021 0:00,71.991
5/24/2021 0:00,70.932
5/25/2021 0:00,83.153
5/26/2021 0:00,95.008
5/27/2021 0:00,96.648
5/28/2021 0:00,95.055
5/29/2021 0:00,81.802
5/30/2021 0:00,83.01
5/31/2021 0:00,80.66
6/1/2021 0:00,78.811
6/2/2021 0:00,77.533
6/3/2021 0:00,73.211
6/4/2021 0:00,75.937
6/5/2021 0:00,71.626
6/6/2021 0:00,71.286
6/7/2021 0:00,67.762
6/8/2021 0:00,76.006
6/9/2021 0:00,80.82
6/10/2021 0:00,89.027
6/11/2021 0:00,89.252
6/12/2021 0:00,89.165
6/13/2021 0:00,92.655
6/14/2021 0:00,94.823
6/15/2021 0:00,95.656
6/16/2021 0:00,94.56
6/17/2021 0:00,90.251
6/18/2021 0:00,84.195
6/19/2021 0:00,86.037
6/20/2021 0:00,87.96
6/21/2021 0:00,79.561
6/22/2021 0:00,78.311
6/23/2021 0:00,88.271
6/24/2021 0:00,81.505
6/25/2021 0:00,92.021
6/26/2021 0:00,92.56
6/27/2021 0:00,88.035
6/28/2021 0:00,84.557
6/29/2021 0:00,84.695
6/30/2021 0:00,93.112
7/1/2021 0:00,95.79
7/2/2021 0:00,97.132
7/3/2021 0:00,87.638
7/4/2021 0:00,84.062
7/5/2021 0:00,89.546
7/6/2021 0:00,86.718
7/7/2021 0:00,88.901
7/8/2021 0:00,95.27
7/9/2021 0:00,87.706
7/10/2021 0:00,91.825
7/11/2021 0:00,93.058
7/12/2021 0:00,91.263
7/13/2021 0:00,88.583
7/14/2021 0:00,85.666
7/15/2021 0:00,90.127
7/16/2021 0:00,94.222
7/17/2021 0:00,92.738
7/18/2021 0:00,85.53
7/19/2021 0:00,89.266
7/20/2021 0:00,93.793
7/21/2021 0:00,93.732
7/22/2021 0:00,87.6
7/23/2021 0:00,85.651
7/24/2021 0:00,84.63
7/25/2021 0:00,90.792
7/26/2021 0:00,92.193
7/27/2021 0:00,90.231
7/28/2021 0:00,90.165
7/29/2021 0:00,84.52
7/30/2021 0:00,87.828
7/31/2021 0:00,82.45
8/1/2021 0:00,88.676
8/2/2021 0:00,86.162
8/3/2021 0:00,85
8/4/2021 0:00,92.715
8/5/2021 0:00,82.368
8/6/2021 0:00,86.962
8/7/2021 0:00,85.8
8/8/2021 0:00,90.955
8/9/2021 0:00,86.832
8/10/2021 0:00,86.617
8/11/2021 0:00,86.202
8/12/2021 0:00,91.7
8/13/2021 0:00,85.323
8/14/2021 0:00,87.737
8/15/2021 0:00,89.558
8/16/2021 0:00,83.781
8/17/2021 0:00,91.562
8/18/2021 0:00,90.762
8/19/2021 0:00,86.691
8/20/2021 0:00,88.531
8/21/2021 0:00,87.937
8/22/2021 0:00,87.485
8/23/2021 0:00,94.511
8/24/2021 0:00,92.295
8/25/2021 0:00,89.871
8/26/2021 0:00,90.753
8/27/2021 0:00,94.731
8/28/2021 0:00,93.571
8/29/2021 0:00,97.036
8/30/2021 0:00,91.615
8/31/2021 0:00,89.357
9/1/2021 0:00,85.09
9/2/2021 0:00,87.5
9/3/2021 0:00,90.418
9/4/2021 0:00,82.703
9/5/2021 0:00,83.87
9/6/2021 0:00,91.525
9/7/2021 0:00,89.446
9/8/2021 0:00,88.527
9/9/2021 0:00,93.702
9/10/2021 0:00,87.2
9/11/2021 0:00,81.485
9/12/2021 0:00,83.502
9/13/2021 0:00,88.377
9/14/2021 0:00,83.147
9/15/2021 0:00,89.546
9/16/2021 0:00,91.048
9/17/2021 0:00,95.44
9/18/2021 0:00,85.498
9/19/2021 0:00,83.032
9/20/2021 0:00,93.43
9/21/2021 0:00,85.165
9/22/2021 0:00,88.617
9/23/2021 0:00,85.796
9/24/2021 0:00,83.135
9/25/2021 0:00,84.56
9/26/2021 0:00,88.762
9/27/2021 0:00,87.46
9/28/2021 0:00,91.886
9/29/2021 0:00,87.683
9/30/2021 0:00,87.341
10/1/2021 0:00,84.243
10/2/2021 0:00,87.085
10/3/2021 0:00,87.19
10/4/2021 0:00,85.912
10/5/2021 0:00,84.308
10/6/2021 0:00,84.825
10/7/2021 0:00,84.913
10/8/2021 0:00,81.491
10/9/2021 0:00,79.692
10/10/2021 0:00,81.347
10/11/2021 0:00,81.936
10/12/2021 0:00,78.962
10/13/2021 0:00,77.823
10/14/2021 0:00,73.992
10/15/2021 0:00,78.44
10/16/2021 0:00,81.735
10/17/2021 0:00,86.098
10/18/2021 0:00,94.223
10/19/2021 0:00,93.455
10/20/2021 0:00,89.025
10/21/2021 0:00,80.812
10/22/2021 0:00,84.792
10/23/2021 0:00,83.718
10/24/2021 0:00,81.343
10/25/2021 0:00,82.137
10/26/2021 0:00,80.226
10/27/2021 0:00,77.205
10/28/2021 0:00,81.513
10/29/2021 0:00,75.243
10/30/2021 0:00,76.733
10/31/2021 0:00,77.588
11/1/2021 0:00,75.688
11/2/2021 0:00,78.457
11/3/2021 0:00,77.142
11/4/2021 0:00,79.616
11/5/2021 0:00,83.072
11/6/2021 0:00,80.781
11/7/2021 0:00,76.926
11/8/2021 0:00,79.317
11/9/2021 0:00,76.688
11/10/2021 0:00,76.7
11/11/2021 0:00,77.35
11/12/2021 0:00,80.956
11/13/2021 0:00,79.618
11/14/2021 0:00,77.751
11/15/2021 0:00,80.756
11/16/2021 0:00,80.653
11/17/2021 0:00,73.853
11/18/2021 0:00,79.567
11/19/2021 0:00,82.517
11/20/2021 0:00,82.092
11/21/2021 0:00,79.01
11/22/2021 0:00,75.788
11/23/2021 0:00,81.932
11/24/2021 0:00,83.132
11/25/2021 0:00,83.191
11/26/2021 0:00,85.376
11/27/2021 0:00,83.336
11/28/2021 0:00,82.462
11/29/2021 0:00,80.716
11/30/2021 0:00,80.463
12/1/2021 0:00,73.64
12/2/2021 0:00,72.223
12/3/2021 0:00,82.156
12/4/2021 0:00,84.537
12/5/2021 0:00,81.647
12/6/2021 0:00,85.241
12/7/2021 0:00,78.453
12/8/2021 0:00,76.815
12/9/2021 0:00,78.691
12/10/2021 0:00,79.542
12/11/2021 0:00,79.08
12/12/2021 0:00,77.028
12/13/2021 0:00,72.886
12/14/2021 0:00,74.92
12/15/2021 0:00,78.33
12/16/2021 0:00,72.648
12/17/2021 0:00,68.623
12/18/2021 0:00,75.372
12/19/2021 0:00,77.68
12/20/2021 0:00,77.142
12/21/2021 0:00,75.723
12/22/2021 0:00,76.903
12/23/2021 0:00,76.76
12/24/2021 0:00,80.851
12/25/2021 0:00,81.551
12/26/2021 0:00,79.726
12/27/2021 0:00,79.832
12/28/2021 0:00,81.817
12/29/2021 0:00,97.885
12/30/2021 0:00,92.403
12/31/2021 0:00,88.123
1/1/2022 0:00,82.668
1/2/2022 0:00,78.408
1/3/2022 0:00,81.553
1/4/2022 0:00,79.586
1/5/2022 0:00,83.173
1/6/2022 0:00,77.628
1/7/2022 0:00,85.366
1/8/2022 0:00,79.92
1/9/2022 0:00,79.281
1/10/2022 0:00,82.326
1/11/2022 0:00,81.457
1/12/2022 0:00,81.233
1/13/2022 0:00,81.567
1/14/2022 0:00,84.896
1/15/2022 0:00,84.482
1/16/2022 0:00,81
1/17/2022 0:00,79.607
1/18/2022 0:00,75.531
1/19/2022 0:00,73.6
1/20/2022 0:00,86.412
1/21/2022 0:00,86.298
1/22/2022 0:00,85.807
1/23/2022 0:00,84.481
1/24/2022 0:00,83.232
1/25/2022 0:00,80.283
1/26/2022 0:00,78.572
1/27/2022 0:00,76.92
1/28/2022 0:00,78.542
1/29/2022 0:00,77.871
1/30/2022 0:00,79.743
1/31/2022 0:00,74.022
2/1/2022 0:00,78.82
2/2/2022 0:00,81.802
2/3/2022 0:00,81.685
2/4/2022 0:00,93.693
2/5/2022 0:00,88.451
2/6/2022 0:00,82.388
2/7/2022 0:00,82.406
2/8/2022 0:00,79.052
2/9/2022 0:00,71.266
2/10/2022 0:00,72.81
2/11/2022 0:00,74.621
2/12/2022 0:00,76.41
2/13/2022 0:00,78.438
2/14/2022 0:00,76.808
2/15/2022 0:00,76.767
2/16/2022 0:00,74.681
2/17/2022 0:00,70.923
2/18/2022 0:00,78.518
2/19/2022 0:00,69.832
2/20/2022 0:00,72.942
2/21/2022 0:00,72.093
2/22/2022 0:00,77.448
2/23/2022 0:00,73.393
2/24/2022 0:00,74.708
2/25/2022 0:00,66.997
2/26/2022 0:00,67.272
2/27/2022 0:00,62.215
2/28/2022 0:00,68.588
3/1/2022 0:00,71.001
3/2/2022 0:00,68.123
3/3/2022 0:00,70.866
3/4/2022 0:00,62.39
3/5/2022 0:00,64.035
3/6/2022 0:00,70.84
3/7/2022 0:00,70.813
3/8/2022 0:00,59.283
3/9/2022 0:00,60.137
3/10/2022 0:00,66.065
3/11/2022 0:00,63.078
3/12/2022 0:00,62.203
3/13/2022 0:00,59.981
3/14/2022 0:00,61.286
3/15/2022 0:00,69.345
3/16/2022 0:00,71.895
3/17/2022 0:00,66.431
3/18/2022 0:00,64.231
3/19/2022 0:00,55.921
3/20/2022 0:00,61.298
3/21/2022 0:00,61.455
3/22/2022 0:00,66.462
3/23/2022 0:00,62.781
3/24/2022 0:00,69.305
3/25/2022 0:00,53.607
3/26/2022 0:00,53.41
3/27/2022 0:00,56.387
3/28/2022 0:00,67.508
3/29/2022 0:00,76.253
3/30/2022 0:00,80.351
3/31/2022 0:00,77.708
4/1/2022 0:00,78.735
4/2/2022 0:00,76.13
4/3/2022 0:00,66.138
4/4/2022 0:00,65.9
4/5/2022 0:00,62.728
4/6/2022 0:00,60.12
4/7/2022 0:00,65.895
4/8/2022 0:00,66.46
4/9/2022 0:00,77.462
4/10/2022 0:00,79.733
4/11/2022 0:00,74.44
4/12/2022 0:00,76.087
4/13/2022 0:00,79.627
4/14/2022 0:00,53.325
4/15/2022 0:00,44.09
4/16/2022 0:00,42.557
4/17/2022 0:00,39.911
4/18/2022 0:00,56.242
4/19/2022 0:00,71.636
4/20/2022 0:00,81.473
4/21/2022 0:00,70.528
4/22/2022 0:00,66.163
4/23/2022 0:00,58.017
4/24/2022 0:00,46.117
4/25/2022 0:00,54.924
4/26/2022 0:00,51.663
4/27/2022 0:00,57.698
4/28/2022 0:00,63.117
